stnddev_rain_avg,avg_pr,stddev_pr,stnddev_airtemp_avg,avg_rain_avg,Planting Schedule,stnddev_netrad_avg,DayOfYear,avg_netrad_avg,avg_airtemp_avg
0.0,259.0808001,389.0913324,4.631472447,0.0,1/1,140.1005426,1.0,45.52350195,11.89060286
0.0,242.046028,365.9919551,4.839707306,0.0,1/1,136.4848152,2.0,39.6842487,13.36313542
0.39140728,217.5114056,348.8298795,3.755049614,0.054074219,1/1,120.2037156,3.0,28.00941602,14.01539714
0.245670113,273.4134746,406.2260506,5.423120293,0.029765625,1/1,147.4918694,4.0,46.14238997,12.54358659
0.0,247.8472103,365.7748461,5.760287862,0.0,1/1,147.0520469,5.0,46.67706641,11.88990951
0.011214353,232.1021634,352.6707279,5.581033008,0.000496094,1/1,138.0495697,6.0,45.86468424,11.71335677
0.0,250.2764277,371.2807694,5.554252275,0.0,1/1,136.032239,7.0,49.0914681,12.57973893
0.282312507,251.5370788,398.2314899,5.488756195,0.057050781,1/1,144.4872879,8.0,53.83183659,14.5979707
0.502697454,177.7969323,289.0226023,4.133746458,0.109140625,1/1,120.7394019,9.0,39.33976107,13.75986133
0.466612759,232.9440127,370.6047877,4.053777477,0.07378581,1/1,144.4132891,10.0,55.35058635,14.13073695
0.011486253,260.0568955,392.4677963,4.603094066,0.000520492,1/1,156.0717122,11.0,59.21015369,14.94160997
1.066999499,234.0000464,383.6440342,5.251737918,0.260218579,1/1,145.2931156,12.0,49.70509016,11.63028142
0.029484328,286.7401298,419.1489358,5.665530977,0.003469945,1/1,160.4292418,13.0,60.68445355,11.01447131
0.011486253,277.5897876,415.0465934,6.170932891,0.000520492,1/1,155.3850579,14.0,58.91361475,11.36580123
0.0,235.0110301,363.4691682,4.842976969,0.0,1/1,134.8278425,15.0,47.73880464,11.25856421
0.631966071,168.3451479,293.2912187,4.607671017,0.143807502,1/15,117.5958764,16.0,38.64907714,10.34504812
0.0,281.8816644,404.7541978,5.197101168,0.0,1/15,154.2890745,17.0,57.02156288,9.49237197
0.0,293.1230833,425.6590681,5.924950942,0.0,1/15,163.7301672,18.0,54.00934091,8.846446212
0.0,290.8231242,427.2318946,5.99419871,0.0,1/15,158.9842548,19.0,55.82235606,9.748299242
0.0,311.6135083,451.9811132,5.786537967,0.0,1/15,161.699576,20.0,62.33812652,10.64915227
0.054042101,299.6148492,442.2492263,5.683863625,0.003463636,1/15,154.1078713,21.0,56.94505303,11.99259242
0.359712714,296.4745008,437.7125486,5.178312706,0.061190909,1/15,160.5008148,22.0,63.07703409,13.15796212
0.048380827,278.2143788,397.6342274,4.485968872,0.002309091,1/15,156.2881466,23.0,61.10287121,12.59059091
0.175291473,303.2726918,444.9901231,5.369143826,0.02140133,1/15,166.5457136,24.0,59.79076644,12.40016999
0.175157873,311.3086681,451.1917816,4.057331518,0.018064655,1/15,167.660792,25.0,62.02284267,12.77324928
0.721959883,265.2763872,416.1041351,5.500332133,0.042144681,1/15,614.0562461,26.0,-10.06527801,11.33079078
0.647692178,203.0535963,327.8424459,4.536798634,0.200645492,1/15,1528.978069,27.0,-299.2526291,10.88034904
0.029535329,230.4097268,361.8287655,4.366695451,0.003556011,1/15,1374.941732,28.0,-246.7478279,10.41434495
0.0537696,250.472748,370.7140871,3.912248431,0.004163934,1/15,1368.225843,29.0,-236.1222179,9.640964481
0.041407368,266.4630266,405.3406887,4.389824618,0.006939891,1/15,1309.332879,30.0,-212.0230225,9.068729508
0.0,282.4889603,414.9115215,5.245968659,0.0,1/15,1051.089213,31.0,-97.39006571,8.649736482
0.0,335.5355048,472.2108676,5.264068138,0.0,2/1,182.572842,32.0,70.69426708,10.98323634
0.0,279.8872928,418.4627636,4.084436127,0.0,2/1,161.0578647,33.0,55.10075332,12.19930678
0.020357612,323.2593297,461.0747542,5.793027666,0.001642241,2/1,171.7139254,34.0,71.15794684,11.79037356
0.0,330.4260963,474.8963172,5.950789704,0.0,2/1,173.8447053,35.0,74.7668204,14.17629023
0.0,349.1249806,492.5547633,5.579709515,0.0,2/1,183.5806741,36.0,74.22039727,14.08598635
0.0,357.2327787,498.4345089,5.809838884,0.0,2/1,185.9235355,37.0,75.60275287,13.39772557
0.0,345.9023847,485.5421969,5.882871414,0.0,2/1,179.3175743,38.0,73.87749789,13.88376864
0.022695721,336.133938,477.5651023,5.477990276,0.001016,2/1,179.6694563,39.0,74.56862,11.136414
0.0,364.9734414,509.3268581,5.966704101,0.0,2/1,191.5943502,40.0,75.87759961,10.54551432
0.14450471,351.4938548,502.8561965,5.81367167,0.020339844,2/1,188.3068998,41.0,74.10648503,12.29455143
0.312850737,351.9863184,511.7029777,5.430688392,0.080367188,2/1,183.5353381,42.0,70.11828125,11.90081966
0.239345056,356.2907806,515.4519059,6.399394856,0.048121094,2/1,185.609003,43.0,72.17323828,12.00513216
0.303679826,287.2364414,431.2355039,5.999873593,0.065690104,2/1,164.4343078,44.0,61.40465234,11.95128776
0.378958072,280.0695423,413.3843288,5.890816884,0.079126953,2/1,154.9185241,45.0,67.98316146,11.1953737
0.028794338,329.1088861,474.3986743,6.211937365,0.003307292,2/1,182.1343179,46.0,82.84923307,12.04829948
0.0,331.2092826,457.1968301,6.995019328,0.0,2/15,176.1605091,47.0,79.37932487,13.47021029
0.152959144,251.3788839,356.2608024,5.985116448,0.012297952,2/15,140.4060975,48.0,58.09247734,13.89413346
0.301867035,366.3627024,515.3009802,4.854821299,0.034017857,2/15,194.0977444,49.0,93.67046964,14.49220893
0.548921691,372.8555465,525.3826662,5.285291338,0.100561338,2/15,193.0163213,50.0,85.44059108,12.79187485
0.270907163,371.3174245,522.3720299,4.837995267,0.034726563,2/15,195.9384894,51.0,90.2076901,14.32120247
0.136219411,404.7152048,544.9330997,6.052551528,0.012603053,2/15,210.3175439,52.0,98.60651209,15.78669211
0.102953928,362.7957875,505.6529305,58.06122264,0.009715847,2/15,200.0471294,53.0,85.57522587,10.45609107
0.558082555,327.6782967,477.4908014,95.88607148,0.0864363,2/15,184.5857896,54.0,77.74427981,0.322017452
0.075308207,391.9153211,523.8313975,5.915899603,0.008422339,2/15,207.3425088,55.0,99.60713205,14.50940081
0.480324545,338.905895,491.3835475,5.972239448,0.111197489,2/15,199.2329896,56.0,89.06188584,15.29436073
0.255970361,367.0127631,511.7550516,6.096971394,0.043638128,2/15,214.2883888,57.0,103.8490091,15.41319463
0.322434667,310.7369669,450.5109638,5.356800083,0.075243151,2/15,182.213852,58.0,79.81081849,15.25114783
0.525831992,310.3208396,468.9622032,5.915673888,0.119896119,2/15,193.8230784,59.0,86.79605651,14.13504795
0.0,404.0412083,552.9422296,4.984153629,0.0,2/15,248.9552719,60.0,117.7666458,11.09202083
0.0,439.6154646,590.1352122,5.175269232,0.0,3/1,235.4383026,61.0,114.3544874,12.82804509
0.010501592,427.5274663,580.0345247,5.798899714,0.000434932,3/1,227.2724192,62.0,105.6037118,12.53136758
0.044380067,417.2313065,556.6424711,6.066433055,0.004349315,3/1,223.1520395,63.0,106.929968,14.67939897
0.437373966,311.6651906,457.8308325,6.570573933,0.056976027,3/1,187.3140554,64.0,79.54759874,15.5315
0.171093453,374.3005634,528.616373,6.205625266,0.018267123,3/1,207.438894,65.0,101.8482129,16.2868476
1.004828371,290.8533522,427.2032611,5.268540681,0.281522831,3/1,186.0877671,66.0,82.99853196,15.61450685
0.266985877,394.1768285,534.4607475,5.134144568,0.03578291,3/1,235.8978266,67.0,129.9257587,15.67847691
0.0,451.3201464,573.4254984,6.518100436,0.0,3/1,246.5961262,68.0,139.8503797,17.39306452
0.087746968,436.4630951,565.93584,6.952471007,0.007787736,3/1,254.3178692,69.0,135.5690645,19.31815566
0.449595872,416.3092484,575.2817728,7.032893193,0.085066038,3/1,246.3409217,70.0,121.5380527,18.85694733
0.074915615,464.8406722,605.1105212,7.10670515,0.004193396,3/1,261.5444357,71.0,141.9222909,19.29869261
0.0,480.1250786,617.865656,6.701005852,0.0,3/1,274.3912406,72.0,152.5719733,20.2063294
0.097377568,458.7884827,605.8813418,5.544885121,0.010183962,3/1,266.3289037,73.0,136.3979481,17.45749292
0.3448847,485.6250723,637.7679995,6.832893602,0.016768868,3/1,271.8537881,74.0,136.3093962,15.74286557
0.0,462.0066667,590.5356956,6.20636003,0.0,3/1,270.818202,75.0,143.9729167,21.696875
0.168878721,465.1202987,629.831782,7.238549369,0.026358491,3/15,261.0184745,76.0,138.0074788,15.49708176
0.0,413.0653774,541.7891395,6.262378806,0.0,3/15,226.4636739,77.0,122.2380346,16.73520755
0.237404855,457.5585967,619.9833014,7.914119613,0.015575472,3/15,256.736716,78.0,134.7042571,16.7819206
0.0,492.7472956,630.3509557,8.341801407,0.0,3/15,268.5584925,79.0,146.5314143,19.29076494
0.0,447.3307682,595.7779932,8.364073201,0.0,3/15,259.3718864,80.0,127.9755796,22.03622975
0.0,434.8477283,601.5845275,7.313889444,0.0,3/15,257.3900136,81.0,114.6451199,21.80725457
0.0,504.6543111,628.0226261,6.642676921,0.0,3/15,261.5726646,82.0,138.1044121,21.1515468
0.0,503.4616992,635.0376327,6.588578225,0.0,3/15,255.7743143,83.0,133.5140525,20.16223744
0.033134817,510.3531718,650.6949318,7.019485127,0.002609589,3/15,262.0168099,84.0,134.5654452,19.75491438
0.0,504.072395,629.0494148,7.022997216,0.0,3/15,257.9299706,85.0,134.5898447,20.40280537
0.0,472.7911535,596.6698737,6.68038814,0.0,3/15,239.6295835,86.0,121.4599772,20.98532363
0.0,422.828,565.9295908,6.473110144,0.0,3/15,221.2381517,87.0,108.0705576,21.26747717
0.010501592,510.2943847,632.9085371,5.901155162,0.000434932,3/15,260.8374603,88.0,142.3930479,20.2369863
0.0,529.2860348,674.1380057,21.7622456,0.0,3/15,277.1602013,89.0,133.761855,17.46641553
0.0,517.5610108,659.5491781,27.82506199,0.0,3/15,282.0189939,90.0,128.0471176,17.93113584
0.23162756,509.7935417,675.7307466,4.96839738,0.052916667,3/15,274.8290218,91.0,149.9095833,25.250625
0.015152273,484.1659083,627.3263677,28.11015509,0.000907143,4/1,273.1683079,92.0,120.1267262,17.31209524
0.532123916,466.8610744,633.9396216,27.82649167,0.079371429,4/1,268.8803808,93.0,116.6412167,16.2398869
1.035647902,415.9016057,598.0449185,27.4574995,0.225553582,4/1,262.5810217,94.0,105.5378153,14.33427946
0.43182607,418.3550857,557.2476444,27.18446299,0.048686905,4/1,254.2291501,95.0,108.8142482,13.15549405
0.145117342,446.3915887,597.630486,26.91797019,0.011792857,4/1,282.3378024,96.0,131.6397667,12.90626786
0.166589403,471.4392548,610.22715,26.90324333,0.033564286,4/1,279.0359176,97.0,136.2399464,12.38974107
0.0,482.5392744,623.3365785,27.09572206,0.0,4/1,281.9377517,98.0,129.8473798,13.75517262
0.086799662,463.2255244,610.8213575,27.24425016,0.012095238,4/1,274.8905873,99.0,124.416044,12.46104821
0.044197039,466.7303869,591.8940053,27.45147903,0.002267857,4/1,257.9494758,100.0,116.2680125,13.71678571
0.068606333,502.2827357,642.4095001,27.64622857,0.004082143,4/1,281.4825311,101.0,130.9590744,14.9224631
0.0,510.634625,645.9170902,27.81915109,0.0,4/1,283.6405554,102.0,133.8330196,16.42180357
0.0,525.2188589,659.6590014,28.15704565,0.0,4/1,287.1633019,103.0,137.4845839,17.8682619
0.0,521.208322,652.2311999,28.37500378,0.0,4/1,285.8609749,104.0,136.3513512,18.50409524
0.282934062,507.5577554,648.28023,28.11075918,0.01905,4/1,292.570562,105.0,137.1623494,17.743625
0.0,593.4544375,712.4092207,7.033731596,0.0,4/1,317.4015502,106.0,181.2141667,23.34104167
0.0,521.4063125,662.9972184,28.00353404,0.0,4/15,292.6549993,107.0,140.6925482,17.42959524
0.0,532.3892515,677.8104781,26.21197243,0.0,4/15,280.25246,108.0,135.2123866,18.8899433
0.0,538.0852986,677.8854129,24.00852562,0.0,4/15,285.761039,109.0,133.5728435,15.81225926
0.267726435,453.8359094,638.4178949,25.18022158,0.0396875,4/15,281.9496297,110.0,110.2072849,12.73730208
0.166621318,533.0170639,662.2348436,24.43257237,0.010230556,4/15,278.0499608,111.0,134.6406171,14.80526389
0.009459445,515.0542681,652.4283094,24.80624389,0.000352778,4/15,272.58942,112.0,127.9948042,17.56156944
0.048184847,564.1669736,684.3401169,24.98571524,0.002822222,4/15,283.4269133,113.0,141.6237884,18.23206019
0.174541596,543.9927106,670.2450163,25.34542105,0.009525,4/15,272.557026,114.0,136.2162403,20.03646296
0.0,574.4312683,699.1068534,27.02560938,0.0,4/15,287.2877029,115.0,151.5935172,19.79783333
0.0,550.1866357,690.4948976,27.99475782,0.0,4/15,286.5188744,116.0,138.7701833,17.86480357
0.0,558.6144404,672.8608981,27.16151915,0.0,4/15,270.0006346,117.0,133.0253043,19.35444149
0.0,549.3119593,683.05786,25.51507717,0.0,4/15,266.4540592,118.0,127.4671968,20.83775463
0.0,540.7961667,657.7168905,25.21094946,0.0,4/15,258.9134751,119.0,125.0075528,21.04008796
0.0,573.8875833,696.5754858,24.85467401,0.0,4/15,275.5336966,120.0,135.3989481,20.07024537
0.0,609.2915128,697.2078173,5.034686626,0.0,4/15,258.5910123,121.0,140.0963782,24.31567308
0.0,585.8802153,704.2773375,25.09740736,0.0,5/1,277.2664051,122.0,140.1977755,19.38741667
0.0,588.3520279,715.49987,25.197773,0.0,5/1,275.9234023,123.0,137.1467049,19.266983
0.0,599.6488716,717.8547279,25.56316219,0.0,5/1,279.2627288,124.0,138.8785666,19.61181034
0.0,599.7051978,715.729759,25.81389627,0.0,5/1,282.3802308,125.0,141.6219583,20.92930077
0.0,595.6900876,712.9446286,25.63128003,0.0,5/1,276.3802043,126.0,138.7285692,21.50714218
0.0,591.4309218,703.3098146,25.53649389,0.0,5/1,272.7977066,127.0,140.5983722,22.2284537
0.0,603.0905389,722.0862222,25.60767165,0.0,5/1,277.3318289,128.0,143.0443801,22.7201713
0.0,590.0071819,704.8214485,25.70740843,0.0,5/1,273.8025713,129.0,140.7385199,23.28474074
0.0,603.9428546,719.2688521,25.68716181,0.0,5/1,279.1786504,130.0,145.5112093,23.10518981
0.0,609.6491662,722.7681079,25.67048736,0.0,5/1,285.1427651,131.0,149.3219634,23.20269444
0.0,594.5174704,712.1174925,25.33624812,0.0,5/1,278.4833111,132.0,146.7954912,22.53474537
0.0,580.0298602,693.8406046,25.64310061,0.0,5/1,265.823401,133.0,137.0090833,23.23571759
0.009407399,577.509169,694.3936431,25.49678617,0.000348901,5/1,262.1460482,134.0,132.9411538,23.22310897
0.392761958,626.9254949,727.8595783,25.68428748,0.03786372,5/1,285.2617666,135.0,151.8481759,23.7689779
0.0,547.9400401,638.0367238,6.387857239,0.0,5/1,228.944754,136.0,122.6846314,28.01584936
0.0094656,596.7527857,705.4687676,25.16889553,0.0004159,5/15,272.7946058,137.0,145.1752328,23.55781646
0.0,572.4153445,695.0145662,25.14196452,0.0,5/15,268.340942,138.0,137.7963934,23.19157258
0.032941305,498.3279933,639.2890093,24.82354884,0.003641577,5/15,249.3949704,139.0,121.4562751,22.46295251
0.0,620.539655,729.4411371,25.14433917,0.0,5/15,283.3603621,140.0,158.3735067,23.82793907
0.0,627.1511438,727.8284111,25.39126595,0.0,5/15,283.3388108,141.0,156.6412527,23.16011754
0.0,558.09256,685.9392225,26.49270716,0.0,5/15,263.7436494,142.0,125.1782322,24.30326454
0.387701903,627.6351225,726.2241413,26.2155562,0.037179024,5/15,280.8368583,143.0,153.2898327,25.29065552
0.0,622.5793665,726.1628066,25.8079262,0.0,5/15,281.6666995,144.0,151.9668387,25.61719086
0.0,626.3783264,726.669868,25.79734777,0.0,5/15,280.8384356,145.0,152.7245565,25.7610443
0.0,578.8425407,668.3310249,25.64193635,0.0,5/15,261.1145575,146.0,139.6658693,25.49984177
0.721992432,599.3156721,696.9142643,26.40438975,0.098348968,5/15,273.8239631,147.0,147.1455577,25.48611163
0.0,626.4864848,727.4948239,25.93033924,0.0,5/15,284.1002961,148.0,157.0816588,24.88572284
0.0,623.4475242,718.6322484,26.40748879,0.0,5/15,282.4224948,149.0,158.3084849,27.10171533
0.0,627.0581343,721.4275351,26.29447435,0.0,5/15,281.9900161,150.0,159.2244259,28.00684901
0.0,601.4276707,703.4191923,26.13316699,0.0,5/15,274.3986401,151.0,150.433526,28.47706989
0.0,657.4608462,736.1833826,5.242729195,0.0,5/15,252.8951305,152.0,153.8612981,32.37544872
0.0,621.7807818,724.0895774,25.68831967,0.0,6/1,281.353648,153.0,155.6284413,27.05787186
1.180365762,619.3429005,724.7024702,25.48150971,0.112748644,6/1,285.6109035,154.0,153.7770339,25.7469349
0.0,634.0871849,726.659912,25.36101013,0.0,6/1,284.1252833,155.0,160.2460081,25.26741863
0.0,631.0257737,729.7929626,25.63881983,0.0,6/1,285.2311212,156.0,160.4882437,26.35728047
0.009305832,630.5878522,727.2965346,26.00070436,0.000341398,6/1,282.8173307,157.0,160.1867316,27.89995072
0.037223326,626.0806053,723.3488822,26.05042097,0.001365591,6/1,281.2661231,158.0,160.6953593,28.6140009
0.0,584.4552287,707.3954149,27.39252126,0.0,6/1,283.037434,159.0,153.0195101,27.52906694
0.0,646.1403469,736.9610351,26.80016893,0.0,6/1,296.9970925,160.0,180.9180487,27.6251378
0.009899432,586.3489214,719.3822011,26.98879901,0.00038641,6/1,297.1406915,161.0,155.5161709,25.02878296
0.042006369,621.9716313,726.7084751,28.58749295,0.001739726,6/1,302.4446351,162.0,171.0668099,24.7375
0.0,622.2442897,730.561268,28.81972142,0.0,6/1,309.4729648,163.0,177.467982,24.83234439
0.0,619.702247,726.682064,29.01195043,0.0,6/1,310.97754,164.0,179.584478,24.77983929
0.0,680.2447202,745.3545855,27.3701324,0.0,6/1,295.1411386,165.0,182.0821586,26.52418687
0.0,634.9634931,731.193746,26.48812687,0.0,6/1,289.2523938,166.0,168.4170625,27.44777315
0.0,661.6079909,735.2325822,5.85679093,0.0,6/1,234.4252614,167.0,155.641413,35.0332971
0.0,631.6026162,729.6632909,26.66659694,0.0,6/15,288.1844435,168.0,169.3956361,29.11508796
0.0,622.9527773,724.2165766,26.41696022,0.0,6/15,287.8359506,169.0,169.4067699,29.07473611
0.0,624.814262,722.9206802,26.2579073,0.0,6/15,288.4014573,170.0,175.9045486,28.86174537
0.0,617.2389852,717.9537605,26.24942443,0.0,6/15,286.789967,171.0,178.0814019,28.71604167
0.0,588.2100801,685.1566846,26.22965387,0.0,6/15,276.4080775,172.0,165.4996787,28.31174537
0.0,572.3679171,703.4502374,26.0327046,0.0,6/15,278.541124,173.0,161.2367875,27.64877315
0.488593778,553.7041986,687.4514082,26.04265569,0.039648598,6/15,277.2936778,174.0,160.1197192,27.17536916
0.076785712,611.7407097,704.385894,26.16160473,0.004233333,6/15,280.0647917,175.0,175.4035551,28.08408333
0.016361436,526.8153833,666.915125,26.01278105,0.001058333,6/15,262.8893542,176.0,144.6255431,27.58293056
0.0,610.2482708,716.3202763,26.30554022,0.0,6/15,287.9827247,177.0,177.9147685,28.48988426
0.0,595.2904315,696.2297837,26.31613728,0.0,6/15,277.8049342,178.0,168.8505829,29.50155556
0.0,611.5250134,714.7810008,26.435847,0.0,6/15,285.0743095,179.0,174.7479384,29.63137963
0.009362556,611.9489937,722.832481,26.05812209,0.000345578,6/15,290.6683851,180.0,178.4349723,29.48982313
0.0,616.9356823,716.3351113,16.82697932,0.0,6/15,283.6086131,181.0,190.7159866,32.67105287
0.0,660.7281042,745.8233236,4.692454222,0.0,6/15,256.1204845,182.0,182.1758333,32.31304487
0.0,587.535172,681.4706864,5.306160281,0.0,7/1,260.1219557,183.0,178.5139579,35.77603047
0.0,581.7135493,702.8231953,4.944317093,0.0,7/1,269.1807123,184.0,174.8370036,35.12320789
0.0,655.9843772,738.4716443,5.17915369,0.0,7/1,284.0444545,185.0,197.8583916,34.00040771
0.030837506,630.8475753,725.781264,4.975817212,0.001706989,7/1,285.4295778,186.0,194.2408669,32.87422491
0.182712147,566.4614055,692.7424484,5.411028814,0.029474014,7/1,261.9919178,187.0,167.0595323,32.28411738
0.0,625.9214982,723.6409587,5.092151529,0.0,7/1,275.0966779,188.0,188.3134807,33.35168459
0.837789642,570.3398056,695.3057733,5.242371974,0.080342294,7/1,261.8165248,189.0,170.6893217,32.9240681
0.114333738,578.2007254,681.7295098,4.960714464,0.011721326,7/1,255.5896196,190.0,176.901405,33.41496864
0.05093125,557.8972115,673.3571044,4.646502424,0.002731183,7/1,251.2727208,191.0,168.2159099,33.28459229
0.130281642,604.741651,711.4501131,4.544485794,0.00477957,7/1,270.5104459,192.0,182.4533978,34.17206093
0.03765543,564.1767189,669.2787925,4.690992803,0.001397524,7/1,246.5138516,193.0,165.232774,34.92557542
0.024565494,590.3883111,691.7401799,4.735073739,0.002398489,7/1,255.5973206,194.0,174.9986775,36.07008499
0.932486544,559.1121408,669.8300175,4.284255401,0.148064176,7/1,259.268173,195.0,172.8255714,35.41576149
0.437945252,590.9579181,681.0374029,4.831075295,0.034675287,7/1,252.9361045,196.0,159.7421772,33.96437739
0.0,637.9784615,730.1559272,3.958126719,0.0,7/1,249.902614,197.0,174.1243413,35.08918269
1.202019099,552.4219623,676.3839906,3.910687194,0.138219246,7/15,238.592816,198.0,138.0000511,34.1478125
0.0,631.0091022,723.7807096,4.318903537,0.0,7/15,253.763726,199.0,160.7248214,34.69308036
0.0,645.2069891,730.7036126,4.735038765,0.0,7/15,247.2022652,200.0,151.642244,35.68710317
0.0,628.0690179,720.8579057,4.450876133,0.0,7/15,242.0719392,201.0,140.1319876,35.70402282
0.021880219,626.0452232,717.2238949,4.422836181,0.001133929,7/15,241.9092696,202.0,137.079563,35.58561012
0.098853601,596.4067857,688.6344839,4.048904389,0.004535714,7/15,230.7805699,203.0,140.6803844,35.41053075
0.643822157,552.9413194,648.5156496,4.30796717,0.082650794,7/15,210.6042543,204.0,124.9067986,34.7737748
0.0,616.6890228,715.0211287,4.970332308,0.0,7/15,234.3719492,205.0,151.5612178,34.27064484
0.671074997,583.1826711,677.3425571,3.998443998,0.045366071,7/15,220.8051747,206.0,140.0740422,35.01717262
0.0,631.2787943,725.6991454,4.649523633,0.0,7/15,248.9643768,207.0,156.2642022,34.66922515
0.172685313,596.2327011,691.8149767,4.462449877,0.014597701,7/15,246.9411452,208.0,141.8917874,34.37976533
0.013596252,600.6766475,717.3517678,4.565790109,0.000729885,7/15,244.9234916,209.0,141.0400163,34.7752251
1.944819375,578.5606916,684.0660123,4.793198239,0.218805556,7/15,228.6094465,210.0,126.8590752,34.43459291
0.674453892,508.8334033,628.9143869,4.762434314,0.078216475,7/15,243.3575503,211.0,134.6093003,32.14933908
0.0,522.3352797,632.8915373,3.898520224,0.0,7/15,241.6342956,212.0,150.320716,33.31780651
0.270669208,602.2335897,710.6001054,4.925750691,0.056987179,7/15,228.3221236,213.0,142.894984,33.82120192
1.562195689,599.9255522,708.5871451,4.240844594,0.077611111,8/1,270.1629903,214.0,169.6070263,34.19450192
0.244071806,611.8237591,719.68949,4.328569703,0.020071839,8/1,254.8628082,215.0,159.3447816,34.13928161
0.192628476,474.1892016,599.1203592,4.266304017,0.019341954,8/1,193.1565237,216.0,102.8340867,33.52792625
0.279310272,550.7881552,679.3655845,5.13721274,0.010954023,8/1,241.7626219,217.0,146.7573688,33.07002395
0.0,566.3129061,675.6038528,4.836269031,0.0,8/1,1020.63845,218.0,3.867559155,34.16837089
0.272676913,527.5264917,674.3625395,4.159438343,0.014111111,8/1,1296.72253,219.0,-119.4452106,33.56214815
0.107596644,489.0096829,640.3227145,4.303043664,0.008466667,8/1,1296.043685,220.0,-119.8995389,33.25691204
0.949515072,540.0487601,670.5429624,5.689443962,0.137744642,8/1,1294.883128,221.0,-96.49632285,32.18380757
0.0,576.0204306,690.8822646,4.817199275,0.0,8/1,1288.892147,222.0,-74.76971326,34.08627688
0.027917495,604.1534005,709.5231863,4.064522614,0.001024194,8/1,1290.001005,223.0,-71.44015457,34.7249328
0.539735193,555.478224,683.1977655,257.7133076,0.03141129,8/1,1286.022567,224.0,-86.29622043,24.91899194
0.055834989,534.7205932,681.7757777,4.031273676,0.002048387,8/1,1286.423049,225.0,-84.7880802,33.74100358
0.243726505,545.6850883,683.8631413,4.40983607,0.024580645,8/1,1283.789454,226.0,-88.24312903,33.2974776
0.020797267,552.041181,678.1935802,5.055615286,0.001024194,8/1,1285.01595,227.0,-86.68752509,33.36570341
0.017569344,589.4579792,685.7720598,4.501751914,0.001221154,8/1,211.0939785,228.0,127.8467452,34.68171474
0.627275694,573.3201214,682.0801686,4.843375999,0.041994624,8/15,1287.975166,229.0,-77.23303136,34.32169803
0.963828358,552.6462482,673.6491156,4.212192201,0.129695341,8/15,1284.87697,230.0,-88.49684319,33.72982079
0.276335568,482.3919467,610.0521205,3.979004874,0.023556452,8/15,1276.65651,231.0,-108.5941447,31.58304659
0.009305832,577.1085766,693.0147448,4.298904888,0.000341398,8/15,1286.090236,232.0,-82.72730376,33.15543011
0.157215924,520.8308651,664.0047064,4.735697893,0.009166318,8/15,1374.219537,233.0,-150.3225429,33.06388598
0.185254275,545.9900108,666.1447754,4.401828572,0.012178082,8/15,1433.761061,234.0,-159.8657877,33.07325342
0.271959652,540.9673695,676.7322858,4.934085544,0.016458844,8/15,1452.298057,235.0,-164.0108768,32.00233508
0.045456819,529.882081,648.4453988,5.200047779,0.002721429,8/15,1461.030483,236.0,-177.0717911,31.90720833
0.027548216,561.0905226,679.893156,5.678721832,0.00302381,8/15,1464.703749,237.0,-167.1003506,32.76847024
0.621349445,562.0370095,683.819569,5.94757587,0.036285714,8/15,1466.775787,238.0,-163.5079756,33.2581369
0.079227128,563.6386911,684.9517093,5.634547795,0.007710714,8/15,1467.498127,239.0,-162.2699,33.48098214
0.0,521.8853667,642.3948025,5.078821339,0.0,8/15,1464.523873,240.0,-169.3552095,32.85899405
0.055096432,526.5639958,656.334784,4.475418568,0.006047619,8/15,1464.829843,241.0,-166.5616101,32.12702976
1.090732049,513.0443083,631.4017707,419.3565677,0.135422619,8/15,1465.37891,242.0,-164.2807268,5.166136905
0.010723871,549.0016881,674.056738,5.36624815,0.000453571,8/15,1469.003102,243.0,-160.3790821,30.33828571
0.0,576.8075096,692.0393215,5.737092526,0.0,8/15,242.0242462,244.0,131.8648446,29.13177885
0.165049285,416.5887575,557.0473722,4.217464688,0.014216418,9/1,1483.824689,245.0,-219.2182276,31.48999378
0.01096089,550.9516381,675.1480023,5.848345184,0.000473881,9/1,1495.206677,246.0,-186.5482537,31.59871891
0.11737612,565.4930927,686.3052317,4.905303661,0.00805597,9/1,1496.08007,247.0,-184.5112009,32.67415423
0.01096089,522.2946785,652.8890391,5.024944012,0.000473881,9/1,1491.535659,248.0,-198.228959,32.02041667
0.164413349,528.0228228,651.4507298,4.730993952,0.007108209,9/1,1122.265736,249.0,-49.31037002,31.69765547
0.085125211,567.3859751,676.9684562,4.601420995,0.006145161,9/1,246.4915576,250.0,134.6561949,31.25214382
0.013081619,525.5015736,657.7462932,5.345998213,0.000675532,9/1,256.8540783,251.0,127.6013333,30.39115248
0.326730744,483.4155275,615.7475922,5.570370884,0.041362385,9/1,230.9483598,252.0,105.4992699,31.25146789
0.0,539.5786592,668.1802917,5.532028579,0.0,9/1,243.5175485,253.0,118.3131586,31.70820896
0.04384356,547.1733464,672.1788477,5.00769034,0.001895522,9/1,245.1257824,254.0,120.6384509,32.12265547
0.0,530.7655728,661.9288613,5.157816389,0.0,9/1,241.9962335,255.0,120.112829,32.67641169
0.0,515.5100094,644.4455676,4.470595619,0.0,9/1,239.0259788,256.0,121.7034439,32.09041929
0.0,533.3779947,662.3029003,5.221218725,0.0,9/1,238.1156694,257.0,121.4667256,31.71318966
0.0,526.3068463,662.7286814,5.106728771,0.0,9/1,237.6978384,258.0,117.2932455,32.38150221
0.760556558,533.8794455,659.3605115,5.663678866,0.138397436,9/1,231.085174,259.0,108.6859712,33.58892628
0.0,528.2637832,656.8570727,4.950638729,0.0,9/15,237.5331402,260.0,117.4163373,31.8675744
0.0,520.2317326,644.3268445,5.09304292,0.0,9/15,234.1491891,261.0,112.2854107,30.76123016
0.240839061,520.2148542,652.958253,5.452536565,0.021544643,9/15,231.0542409,262.0,110.1166662,30.03237103
0.187066905,499.2180357,637.0430396,271.0163272,0.015497024,9/15,354.7814443,263.0,96.60363194,19.79265377
0.017017406,519.8063878,646.1777939,6.093627237,0.001145291,9/15,233.7861222,264.0,113.5621468,30.16519539
0.0138362,499.5145972,635.3642442,6.165233125,0.000755952,9/15,227.4910439,265.0,106.1851002,30.39729663
0.040255795,494.2951042,630.467542,6.455107986,0.003401786,9/15,222.3905546,266.0,103.8278596,30.12815476
0.047516884,473.1583854,617.1884018,5.707829173,0.006803571,9/15,226.7135742,267.0,99.88385714,29.61389881
0.019581939,497.2454067,632.0291798,5.868395807,0.000755952,9/15,231.4266601,268.0,104.5469102,29.4716369
0.0,498.3843294,631.1595165,6.06379539,0.0,9/15,232.8392468,269.0,105.9082867,29.72152778
0.0,477.6470308,615.9262219,5.369928367,0.0,9/15,227.3174974,270.0,103.6130248,30.32543155
0.0,467.0236076,608.8938266,5.502242826,0.0,9/15,222.7181109,271.0,99.6849256,29.83309028
0.0,454.0213254,587.7257194,5.819295733,0.0,9/15,232.7921535,272.0,106.2573919,29.88995536
0.023953076,425.6558189,567.3363227,5.692299091,0.001511905,9/15,228.5914551,273.0,97.58516468,29.13489583
0.0,338.5872608,501.8086304,3.973916703,0.0,10/1,212.6992962,274.0,87.95378089,26.90181034
0.0,349.3284836,476.5581293,5.742786333,0.0,10/1,176.7746476,275.0,73.44498065,26.58755456
0.0,416.8619573,557.7522699,6.663203346,0.0,10/1,213.9145141,276.0,94.17032192,25.94155754
0.0,439.5793815,579.7458813,6.335991114,0.0,10/1,217.8599284,277.0,95.83513323,25.72362715
0.103588329,420.0476204,568.9221396,5.309721265,0.023518519,10/1,217.3367952,278.0,94.3592356,25.62643519
0.065352079,411.6988868,580.720301,5.46974957,0.008754115,10/1,215.8772433,279.0,87.54316975,25.79062243
0.0,385.4466271,543.3597332,4.891127286,0.0,10/1,194.199256,280.0,79.82404733,25.77231481
0.0,436.8577016,570.4641051,5.402230334,0.0,10/1,210.590143,281.0,94.83073251,25.46116255
0.019940721,385.4417778,519.1753226,4.684777993,0.000783951,10/1,196.4185624,282.0,82.18811677,25.20760802
0.107346144,420.0659913,567.9572428,5.049026357,0.016070988,10/1,203.9876219,283.0,88.63268416,24.16016461
0.702802355,651.5245952,1172.462217,5.36156387,0.107432024,10/1,210.3539095,284.0,91.58373162,23.40318731
0.238095,850.7926582,1732.432355,4.916790179,0.030238095,10/1,193.542002,285.0,76.45524058,22.99369048
0.0,638.9172743,1411.894666,6.302720272,0.0,10/1,215.0249212,286.0,94.78672966,22.9453373
0.0,814.852379,1455.034888,6.176200149,0.0,10/1,212.5813541,287.0,88.7792123,23.46184524
0.0,371.2750298,607.5439794,5.897740139,0.0,10/1,201.1018984,288.0,83.13992262,23.8284127
0.0,435.9068301,576.3474027,5.741698801,0.0,10/1,192.8296339,289.0,75.33445513,21.57057692
0.240377405,527.4770813,899.2468842,5.491668041,0.014363095,10/15,204.2326519,290.0,87.46088988,23.70696429
0.047852443,518.2404846,803.4126803,5.828795096,0.003779762,10/15,208.9894182,291.0,88.51043502,22.96422123
0.0,519.1637326,890.839793,5.658796609,0.0,10/15,204.5338836,292.0,83.65788591,23.63006944
0.0,478.3343239,992.2493048,5.023249263,0.0,10/15,174.2834226,293.0,61.86243552,23.18575893
0.0,937.9101925,1740.305371,5.603459532,0.0,10/15,204.2848043,294.0,85.77373016,23.25949901
0.639725121,1141.296641,2206.428622,4.801773051,0.119440476,10/15,183.3799021,295.0,70.7602376,22.2925248
0.846820041,380.3624762,714.1165532,5.202824624,0.13664881,10/15,187.2039836,296.0,74.98250397,20.4552381
0.09916784,554.7650685,916.9628258,5.41785401,0.02015873,10/15,188.6712506,297.0,76.31813988,19.99698909
0.025173202,1170.211693,1518.031035,5.546636608,0.002519841,10/15,193.4757881,298.0,83.6333626,20.54074901
0.719584984,1056.386305,1472.852199,6.277396297,0.092125992,10/15,170.8884788,299.0,63.13347222,20.29227183
0.078327757,1106.334396,1682.520227,6.53521416,0.00302381,10/15,180.6032584,300.0,74.41628373,20.98470238
0.581973148,1261.225288,1975.528737,5.469828999,0.131031746,10/15,179.6021898,301.0,65.32708581,19.66260417
0.308726706,1106.073076,1578.244243,5.735070596,0.061106151,10/15,189.681908,302.0,77.27878621,18.89273313
0.0138362,1282.255189,1780.354424,5.525003119,0.000755952,10/15,190.6247943,303.0,78.56253075,19.42677083
0.199418016,1216.479624,1672.021654,5.427923396,0.042837302,10/15,185.4331064,304.0,78.35050595,19.34457639
0.044738621,361.2500673,493.7742168,3.394650995,0.008141026,10/15,183.2022188,305.0,88.56448718,13.7880609
0.0,1202.345905,1596.058607,5.735065133,0.0,11/1,187.0934481,306.0,72.56592758,18.30730159
0.0,1151.038844,1563.460324,6.399099246,0.0,11/1,153.6398568,307.0,56.16987798,19.06318651
0.0,1148.837908,1650.35398,7.008640138,0.0,11/1,177.6796433,308.0,65.30196429,19.25552232
0.43501188,1106.440536,1609.191526,5.403192898,0.066397817,11/1,173.9280367,309.0,62.12245883,17.7225744
0.07437588,998.1320332,1460.655866,6.548682858,0.006047619,11/1,179.6075014,310.0,72.28617411,18.31637897
0.598788731,1077.372713,1567.883925,6.06570595,0.083154762,11/1,164.0071643,311.0,56.66499008,18.17545734
0.082102658,1078.042023,1447.642371,6.096196688,0.008693452,11/1,148.4808947,312.0,52.36245387,17.73424157
0.027620725,1115.497321,1489.127333,6.615778401,0.002267857,11/1,162.446897,313.0,62.91856349,18.78732143
0.00979097,1157.538845,1584.400814,6.221921727,0.000377976,11/1,182.7739403,314.0,70.26801438,18.74892361
0.025173202,1122.669892,1595.898966,5.537041949,0.002519841,11/1,178.5576816,315.0,64.39245635,17.32352679
0.301251529,1140.441033,1578.696919,5.62365106,0.05064881,11/1,183.192589,316.0,67.67282242,17.22160665
0.00979097,1138.87754,1576.54448,5.165152948,0.000377976,11/1,180.6116827,317.0,64.85678373,16.59823413
0.0,1160.59029,1571.156551,5.685765104,0.0,11/1,181.8184138,318.0,64.08019444,14.47894296
0.0,1350.671613,2003.351847,5.492263639,0.0,11/1,186.5184116,319.0,62.82193601,15.75986607
0.116183018,278.6344135,428.7874461,4.143012393,0.012211538,11/1,138.1345775,320.0,33.04226763,11.22491987
0.0,1215.183587,1689.022203,6.527619178,0.0,11/15,175.0005926,321.0,59.58354861,15.07535119
0.0,899.8352594,1538.05325,6.225287433,0.0,11/15,174.5988698,322.0,55.44306399,15.2971126
0.0,322.2727679,456.1151955,6.68667073,0.0,11/15,179.0660534,323.0,59.17408036,15.54841518
0.0,321.9003909,457.1092774,6.77774255,0.0,11/15,183.1205593,324.0,60.51971726,17.27728175
0.0,299.662379,430.9159846,6.489270353,0.0,11/15,175.274939,325.0,55.3470873,17.21620784
0.00979097,249.0630977,378.7825599,4.553860116,0.000377976,11/15,156.3597671,326.0,46.62623512,17.22990079
0.164941465,282.1952361,418.7830637,4.487984632,0.015875,11/15,160.0409363,327.0,47.64331597,15.91947669
0.00979097,285.5065456,413.2959305,4.93092971,0.000377976,11/15,159.707901,328.0,47.74394048,13.18782639
0.0138362,197.7957545,306.6347931,3.570228959,0.000755952,11/15,114.7286388,329.0,24.89190675,12.86152331
0.0,277.5860605,405.273961,5.280473594,0.0,11/15,149.9267833,330.0,46.07156101,12.63862798
0.0,301.1671126,438.6768101,5.722190439,0.0,11/15,175.2395765,331.0,51.86549206,12.57271726
0.0,260.8278626,394.926578,4.784157172,0.0,11/15,139.6469927,332.0,33.6216627,13.21200992
0.327306484,224.9642123,356.2496607,4.726048586,0.068217262,11/15,133.9407715,333.0,41.45482986,13.16863641
0.094850186,254.7770144,371.599894,4.911845409,0.005291667,11/15,141.2281506,334.0,47.23416915,13.43974256
0.0,277.0025481,402.2218628,6.55055879,0.0,11/15,139.56081,335.0,37.69830128,12.76749679
0.0,227.5586126,355.6243871,5.253309462,0.0,12/1,121.7758844,336.0,31.96760417,12.70253968
0.0,271.15037,399.3661223,5.120902891,0.0,12/1,150.6252334,337.0,52.71155308,13.51258185
0.530986403,218.4722907,372.4174276,4.650000382,0.149426587,12/1,144.3780982,338.0,40.1360377,12.37042312
0.111748071,279.8469375,422.2057701,5.82370885,0.013607143,12/1,167.6159379,339.0,53.83795982,12.23140625
0.114974107,260.0485672,398.6460471,5.742435552,0.010848519,12/1,141.7986906,340.0,41.56655011,12.76984795
0.168096007,242.3111517,365.9574599,5.350597948,0.014882813,12/1,128.6847995,341.0,37.67008268,12.6434694
0.011214353,259.7076439,383.7803738,4.067470573,0.000496094,12/1,138.383587,342.0,40.91621159,13.91917708
0.0,280.6726999,410.6997444,4.657212016,0.0,12/1,147.1900144,343.0,43.21455273,13.42525195
0.015843964,241.9444974,374.6450517,4.129067688,0.000992188,12/1,138.9218349,344.0,38.42033268,11.41640755
0.319813394,124.7709271,225.1554108,4.139612891,0.072429688,12/1,82.7903118,345.0,13.75415625,10.01459635
0.045520638,238.4799557,364.6655535,4.949363625,0.005291667,12/1,128.422807,346.0,44.14244466,9.821103516
0.011214353,243.5762617,359.8697137,5.257157381,0.000496094,12/1,139.4731308,347.0,43.3846888,9.115145182
0.072416095,259.3859056,382.0909382,5.25839438,0.006945313,12/1,143.1197044,348.0,46.25974414,8.787818359
0.011214353,238.2152298,359.3510318,4.413211373,0.000496094,12/1,133.7268373,349.0,43.10745703,9.857115234
0.0,262.5351875,388.2292244,4.68544611,0.0,12/1,131.0553425,350.0,37.99114904,10.59362179
0.037147452,274.1905299,401.2382634,5.768271754,0.002480469,12/15,145.8698592,351.0,41.14588477,10.11896289
0.0,273.386957,401.6950451,5.761183321,0.0,12/15,145.5945957,352.0,39.68227604,10.57351302
0.0,282.7066081,412.7159173,6.32711256,0.0,12/15,154.2934496,353.0,40.43953451,11.81117122
0.011214353,250.8088118,367.5518167,5.524630563,0.000496094,12/15,139.6898193,354.0,34.89067708,13.46567057
0.0,268.647791,399.3230222,4.787653462,0.0,12/15,140.4342181,355.0,39.91799219,10.9857832
0.015843964,265.7655612,398.2644138,5.436161541,0.000992188,12/15,133.5065407,356.0,37.85300065,10.04269206
0.07960875,218.9617409,335.4499171,5.057837391,0.009425781,12/15,117.4634517,357.0,28.89158398,10.37772005
0.117613983,279.6581836,411.1243857,5.877322188,0.012402344,12/15,146.4277911,358.0,43.1143724,10.57930534
0.0,268.0353145,397.6502783,5.358868348,0.0,12/15,141.4216509,359.0,36.71363411,10.78236458
0.10861168,285.5486725,416.0241775,5.904619668,0.006945313,12/15,148.3720281,360.0,42.69719922,9.810757161
0.0,276.983373,408.4976267,5.178213121,0.0,12/15,143.8719685,361.0,41.38930534,10.02119141
0.0,224.4681152,346.619207,4.885427434,0.0,12/15,122.209911,362.0,31.35004232,9.913508464
0.093728903,209.4546263,340.1747979,5.070352437,0.005953125,12/15,117.9713445,363.0,36.67344987,11.48686849
0.289349843,255.3322943,387.4597863,4.842202925,0.034726563,12/15,127.5576589,364.0,42.19100065,12.78960091
0.111371666,220.5407988,338.468471,4.128863098,0.008433594,12/15,120.2490228,365.0,36.39231706,12.02249089
0.017569344,252.8280962,394.3369023,5.330019549,0.001221154,12/15,120.8757463,366.0,32.07149038,11.23273878
