DayOfYear,Planting Schedule,avg_rain_avg,stnddev_rain_avg,avg_netrad_avg,stnddev_netrad_avg,avg_airtemp_avg,stnddev_airtemp_avg,avg_pr,stddev_pr
1,1/1,0,0,45.52350195,140.1005426,11.89060286,4.631472447,259.0808001,389.0913324
2,1/1,0,0,39.6842487,136.4848152,13.36313542,4.839707306,242.046028,365.9919551
3,1/1,0.054074219,0.39140728,28.00941602,120.2037156,14.01539714,3.755049614,217.5114056,348.8298795
4,1/1,0.029765625,0.245670113,46.14238997,147.4918694,12.54358659,5.423120293,273.4134746,406.2260506
5,1/1,0,0,46.67706641,147.0520469,11.88990951,5.760287862,247.8472103,365.7748461
6,1/1,0.000496094,0.011214353,45.86468424,138.0495697,11.71335677,5.581033008,232.1021634,352.6707279
7,1/1,0,0,49.0914681,136.032239,12.57973893,5.554252275,250.2764277,371.2807694
8,1/1,0.057050781,0.282312507,53.83183659,144.4872879,14.5979707,5.488756195,251.5370788,398.2314899
9,1/1,0.109140625,0.502697454,39.33976107,120.7394019,13.75986133,4.133746458,177.7969323,289.0226023
10,1/1,0.07378581,0.466612759,55.35058635,144.4132891,14.13073695,4.053777477,232.9440127,370.6047877
11,1/1,0.000520492,0.011486253,59.21015369,156.0717122,14.94160997,4.603094066,260.0568955,392.4677963
12,1/1,0.260218579,1.066999499,49.70509016,145.2931156,11.63028142,5.251737918,234.0000464,383.6440342
13,1/1,0.003469945,0.029484328,60.68445355,160.4292418,11.01447131,5.665530977,286.7401298,419.1489358
14,1/1,0.000520492,0.011486253,58.91361475,155.3850579,11.36580123,6.170932891,277.5897876,415.0465934
15,1/1,0,0,47.73880464,134.8278425,11.25856421,4.842976969,235.0110301,363.4691682
16,1/15,0.143807502,0.631966071,38.64907714,117.5958764,10.34504812,4.607671017,168.3451479,293.2912187
17,1/15,0,0,57.02156288,154.2890745,9.49237197,5.197101168,281.8816644,404.7541978
18,1/15,0,0,54.00934091,163.7301672,8.846446212,5.924950942,293.1230833,425.6590681
19,1/15,0,0,55.82235606,158.9842548,9.748299242,5.99419871,290.8231242,427.2318946
20,1/15,0,0,62.33812652,161.699576,10.64915227,5.786537967,311.6135083,451.9811132
21,1/15,0.003463636,0.054042101,56.94505303,154.1078713,11.99259242,5.683863625,299.6148492,442.2492263
22,1/15,0.061190909,0.359712714,63.07703409,160.5008148,13.15796212,5.178312706,296.4745008,437.7125486
23,1/15,0.002309091,0.048380827,61.10287121,156.2881466,12.59059091,4.485968872,278.2143788,397.6342274
24,1/15,0.02140133,0.175291473,59.79076644,166.5457136,12.40016999,5.369143826,303.2726918,444.9901231
25,1/15,0.018064655,0.175157873,62.02284267,167.660792,12.77324928,4.057331518,311.3086681,451.1917816
26,1/15,0.042144681,0.721959883,-10.06527801,614.0562461,11.33079078,5.500332133,265.2763872,416.1041351
27,1/15,0.200645492,0.647692178,-299.2526291,1528.978069,10.88034904,4.536798634,203.0535963,327.8424459
28,1/15,0.003556011,0.029535329,-246.7478279,1374.941732,10.41434495,4.366695451,230.4097268,361.8287655
29,1/15,0.004163934,0.0537696,-236.1222179,1368.225843,9.640964481,3.912248431,250.472748,370.7140871
30,1/15,0.006939891,0.041407368,-212.0230225,1309.332879,9.068729508,4.389824618,266.4630266,405.3406887
31,1/15,0,0,-97.39006571,1051.089213,8.649736482,5.245968659,282.4889603,414.9115215
32,2/1,0,0,70.69426708,182.572842,10.98323634,5.264068138,335.5355048,472.2108676
33,2/1,0,0,55.10075332,161.0578647,12.19930678,4.084436127,279.8872928,418.4627636
34,2/1,0.001642241,0.020357612,71.15794684,171.7139254,11.79037356,5.793027666,323.2593297,461.0747542
35,2/1,0,0,74.7668204,173.8447053,14.17629023,5.950789704,330.4260963,474.8963172
36,2/1,0,0,74.22039727,183.5806741,14.08598635,5.579709515,349.1249806,492.5547633
37,2/1,0,0,75.60275287,185.9235355,13.39772557,5.809838884,357.2327787,498.4345089
38,2/1,0,0,73.87749789,179.3175743,13.88376864,5.882871414,345.9023847,485.5421969
39,2/1,0.001016,0.022695721,74.56862,179.6694563,11.136414,5.477990276,336.133938,477.5651023
40,2/1,0,0,75.87759961,191.5943502,10.54551432,5.966704101,364.9734414,509.3268581
41,2/1,0.020339844,0.14450471,74.10648503,188.3068998,12.29455143,5.81367167,351.4938548,502.8561965
42,2/1,0.080367188,0.312850737,70.11828125,183.5353381,11.90081966,5.430688392,351.9863184,511.7029777
43,2/1,0.048121094,0.239345056,72.17323828,185.609003,12.00513216,6.399394856,356.2907806,515.4519059
44,2/1,0.065690104,0.303679826,61.40465234,164.4343078,11.95128776,5.999873593,287.2364414,431.2355039
45,2/1,0.079126953,0.378958072,67.98316146,154.9185241,11.1953737,5.890816884,280.0695423,413.3843288
46,2/1,0.003307292,0.028794338,82.84923307,182.1343179,12.04829948,6.211937365,329.1088861,474.3986743
47,2/15,0,0,79.37932487,176.1605091,13.47021029,6.995019328,331.2092826,457.1968301
48,2/15,0.012297952,0.152959144,58.09247734,140.4060975,13.89413346,5.985116448,251.3788839,356.2608024
49,2/15,0.034017857,0.301867035,93.67046964,194.0977444,14.49220893,4.854821299,366.3627024,515.3009802
50,2/15,0.100561338,0.548921691,85.44059108,193.0163213,12.79187485,5.285291338,372.8555465,525.3826662
51,2/15,0.034726563,0.270907163,90.2076901,195.9384894,14.32120247,4.837995267,371.3174245,522.3720299
52,2/15,0.012603053,0.136219411,98.60651209,210.3175439,15.78669211,6.052551528,404.7152048,544.9330997
53,2/15,0.009715847,0.102953928,85.57522587,200.0471294,10.45609107,58.06122264,362.7957875,505.6529305
54,2/15,0.0864363,0.558082555,77.74427981,184.5857896,0.322017452,95.88607148,327.6782967,477.4908014
55,2/15,0.008422339,0.075308207,99.60713205,207.3425088,14.50940081,5.915899603,391.9153211,523.8313975
56,2/15,0.111197489,0.480324545,89.06188584,199.2329896,15.29436073,5.972239448,338.905895,491.3835475
57,2/15,0.043638128,0.255970361,103.8490091,214.2883888,15.41319463,6.096971394,367.0127631,511.7550516
58,2/15,0.075243151,0.322434667,79.81081849,182.213852,15.25114783,5.356800083,310.7369669,450.5109638
59,2/15,0.119896119,0.525831992,86.79605651,193.8230784,14.13504795,5.915673888,310.3208396,468.9622032
60,2/15,0,0,117.7666458,248.9552719,11.09202083,4.984153629,404.0412083,552.9422296
61,3/1,0,0,114.3544874,235.4383026,12.82804509,5.175269232,439.6154646,590.1352122
62,3/1,0.000434932,0.010501592,105.6037118,227.2724192,12.53136758,5.798899714,427.5274663,580.0345247
63,3/1,0.004349315,0.044380067,106.929968,223.1520395,14.67939897,6.066433055,417.2313065,556.6424711
64,3/1,0.056976027,0.437373966,79.54759874,187.3140554,15.5315,6.570573933,311.6651906,457.8308325
65,3/1,0.018267123,0.171093453,101.8482129,207.438894,16.2868476,6.205625266,374.3005634,528.616373
66,3/1,0.281522831,1.004828371,82.99853196,186.0877671,15.61450685,5.268540681,290.8533522,427.2032611
67,3/1,0.03578291,0.266985877,129.9257587,235.8978266,15.67847691,5.134144568,394.1768285,534.4607475
68,3/1,0,0,139.8503797,246.5961262,17.39306452,6.518100436,451.3201464,573.4254984
69,3/1,0.007787736,0.087746968,135.5690645,254.3178692,19.31815566,6.952471007,436.4630951,565.93584
70,3/1,0.085066038,0.449595872,121.5380527,246.3409217,18.85694733,7.032893193,416.3092484,575.2817728
71,3/1,0.004193396,0.074915615,141.9222909,261.5444357,19.29869261,7.10670515,464.8406722,605.1105212
72,3/1,0,0,152.5719733,274.3912406,20.2063294,6.701005852,480.1250786,617.865656
73,3/1,0.010183962,0.097377568,136.3979481,266.3289037,17.45749292,5.544885121,458.7884827,605.8813418
74,3/1,0.016768868,0.3448847,136.3093962,271.8537881,15.74286557,6.832893602,485.6250723,637.7679995
75,3/1,0,0,143.9729167,270.818202,21.696875,6.20636003,462.0066667,590.5356956
76,3/15,0.026358491,0.168878721,138.0074788,261.0184745,15.49708176,7.238549369,465.1202987,629.831782
77,3/15,0,0,122.2380346,226.4636739,16.73520755,6.262378806,413.0653774,541.7891395
78,3/15,0.015575472,0.237404855,134.7042571,256.736716,16.7819206,7.914119613,457.5585967,619.9833014
79,3/15,0,0,146.5314143,268.5584925,19.29076494,8.341801407,492.7472956,630.3509557
80,3/15,0,0,127.9755796,259.3718864,22.03622975,8.364073201,447.3307682,595.7779932
81,3/15,0,0,114.6451199,257.3900136,21.80725457,7.313889444,434.8477283,601.5845275
82,3/15,0,0,138.1044121,261.5726646,21.1515468,6.642676921,504.6543111,628.0226261
83,3/15,0,0,133.5140525,255.7743143,20.16223744,6.588578225,503.4616992,635.0376327
84,3/15,0.002609589,0.033134817,134.5654452,262.0168099,19.75491438,7.019485127,510.3531718,650.6949318
85,3/15,0,0,134.5898447,257.9299706,20.40280537,7.022997216,504.072395,629.0494148
86,3/15,0,0,121.4599772,239.6295835,20.98532363,6.68038814,472.7911535,596.6698737
87,3/15,0,0,108.0705576,221.2381517,21.26747717,6.473110144,422.828,565.9295908
88,3/15,0.000434932,0.010501592,142.3930479,260.8374603,20.2369863,5.901155162,510.2943847,632.9085371
89,3/15,0,0,133.761855,277.1602013,17.46641553,21.7622456,529.2860348,674.1380057
90,3/15,0,0,128.0471176,282.0189939,17.93113584,27.82506199,517.5610108,659.5491781
91,3/15,0.052916667,0.23162756,149.9095833,274.8290218,25.250625,4.96839738,509.7935417,675.7307466
92,4/1,0.000907143,0.015152273,120.1267262,273.1683079,17.31209524,28.11015509,484.1659083,627.3263677
93,4/1,0.079371429,0.532123916,116.6412167,268.8803808,16.2398869,27.82649167,466.8610744,633.9396216
94,4/1,0.225553582,1.035647902,105.5378153,262.5810217,14.33427946,27.4574995,415.9016057,598.0449185
95,4/1,0.048686905,0.43182607,108.8142482,254.2291501,13.15549405,27.18446299,418.3550857,557.2476444
96,4/1,0.011792857,0.145117342,131.6397667,282.3378024,12.90626786,26.91797019,446.3915887,597.630486
97,4/1,0.033564286,0.166589403,136.2399464,279.0359176,12.38974107,26.90324333,471.4392548,610.22715
98,4/1,0,0,129.8473798,281.9377517,13.75517262,27.09572206,482.5392744,623.3365785
99,4/1,0.012095238,0.086799662,124.416044,274.8905873,12.46104821,27.24425016,463.2255244,610.8213575
100,4/1,0.002267857,0.044197039,116.2680125,257.9494758,13.71678571,27.45147903,466.7303869,591.8940053
101,4/1,0.004082143,0.068606333,130.9590744,281.4825311,14.9224631,27.64622857,502.2827357,642.4095001
102,4/1,0,0,133.8330196,283.6405554,16.42180357,27.81915109,510.634625,645.9170902
103,4/1,0,0,137.4845839,287.1633019,17.8682619,28.15704565,525.2188589,659.6590014
104,4/1,0,0,136.3513512,285.8609749,18.50409524,28.37500378,521.208322,652.2311999
105,4/1,0.01905,0.282934062,137.1623494,292.570562,17.743625,28.11075918,507.5577554,648.28023
106,4/1,0,0,181.2141667,317.4015502,23.34104167,7.033731596,593.4544375,712.4092207
107,4/15,0,0,140.6925482,292.6549993,17.42959524,28.00353404,521.4063125,662.9972184
108,4/15,0,0,135.2123866,280.25246,18.8899433,26.21197243,532.3892515,677.8104781
109,4/15,0,0,133.5728435,285.761039,15.81225926,24.00852562,538.0852986,677.8854129
110,4/15,0.0396875,0.267726435,110.2072849,281.9496297,12.73730208,25.18022158,453.8359094,638.4178949
111,4/15,0.010230556,0.166621318,134.6406171,278.0499608,14.80526389,24.43257237,533.0170639,662.2348436
112,4/15,0.000352778,0.009459445,127.9948042,272.58942,17.56156944,24.80624389,515.0542681,652.4283094
113,4/15,0.002822222,0.048184847,141.6237884,283.4269133,18.23206019,24.98571524,564.1669736,684.3401169
114,4/15,0.009525,0.174541596,136.2162403,272.557026,20.03646296,25.34542105,543.9927106,670.2450163
115,4/15,0,0,151.5935172,287.2877029,19.79783333,27.02560938,574.4312683,699.1068534
116,4/15,0,0,138.7701833,286.5188744,17.86480357,27.99475782,550.1866357,690.4948976
117,4/15,0,0,133.0253043,270.0006346,19.35444149,27.16151915,558.6144404,672.8608981
118,4/15,0,0,127.4671968,266.4540592,20.83775463,25.51507717,549.3119593,683.05786
119,4/15,0,0,125.0075528,258.9134751,21.04008796,25.21094946,540.7961667,657.7168905
120,4/15,0,0,135.3989481,275.5336966,20.07024537,24.85467401,573.8875833,696.5754858
121,4/15,0,0,140.0963782,258.5910123,24.31567308,5.034686626,609.2915128,697.2078173
122,5/1,0,0,140.1977755,277.2664051,19.38741667,25.09740736,585.8802153,704.2773375
123,5/1,0,0,137.1467049,275.9234023,19.266983,25.197773,588.3520279,715.49987
124,5/1,0,0,138.8785666,279.2627288,19.61181034,25.56316219,599.6488716,717.8547279
125,5/1,0,0,141.6219583,282.3802308,20.92930077,25.81389627,599.7051978,715.729759
126,5/1,0,0,138.7285692,276.3802043,21.50714218,25.63128003,595.6900876,712.9446286
127,5/1,0,0,140.5983722,272.7977066,22.2284537,25.53649389,591.4309218,703.3098146
128,5/1,0,0,143.0443801,277.3318289,22.7201713,25.60767165,603.0905389,722.0862222
129,5/1,0,0,140.7385199,273.8025713,23.28474074,25.70740843,590.0071819,704.8214485
130,5/1,0,0,145.5112093,279.1786504,23.10518981,25.68716181,603.9428546,719.2688521
131,5/1,0,0,149.3219634,285.1427651,23.20269444,25.67048736,609.6491662,722.7681079
132,5/1,0,0,146.7954912,278.4833111,22.53474537,25.33624812,594.5174704,712.1174925
133,5/1,0,0,137.0090833,265.823401,23.23571759,25.64310061,580.0298602,693.8406046
134,5/1,0.000348901,0.009407399,132.9411538,262.1460482,23.22310897,25.49678617,577.509169,694.3936431
135,5/1,0.03786372,0.392761958,151.8481759,285.2617666,23.7689779,25.68428748,626.9254949,727.8595783
136,5/1,0,0,122.6846314,228.944754,28.01584936,6.387857239,547.9400401,638.0367238
137,5/15,.0004159,.0094656,145.1752328,272.7946058,23.55781646,25.16889553,596.7527857,705.4687676
138,5/15,0,0,137.7963934,268.340942,23.19157258,25.14196452,572.4153445,695.0145662
139,5/15,0.003641577,0.032941305,121.4562751,249.3949704,22.46295251,24.82354884,498.3279933,639.2890093
140,5/15,0,0,158.3735067,283.3603621,23.82793907,25.14433917,620.539655,729.4411371
141,5/15,0,0,156.6412527,283.3388108,23.16011754,25.39126595,627.1511438,727.8284111
142,5/15,0,0,125.1782322,263.7436494,24.30326454,26.49270716,558.09256,685.9392225
143,5/15,0.037179024,0.387701903,153.2898327,280.8368583,25.29065552,26.2155562,627.6351225,726.2241413
144,5/15,0,0,151.9668387,281.6666995,25.61719086,25.8079262,622.5793665,726.1628066
145,5/15,0,0,152.7245565,280.8384356,25.7610443,25.79734777,626.3783264,726.669868
146,5/15,0,0,139.6658693,261.1145575,25.49984177,25.64193635,578.8425407,668.3310249
147,5/15,0.098348968,0.721992432,147.1455577,273.8239631,25.48611163,26.40438975,599.3156721,696.9142643
148,5/15,0,0,157.0816588,284.1002961,24.88572284,25.93033924,626.4864848,727.4948239
149,5/15,0,0,158.3084849,282.4224948,27.10171533,26.40748879,623.4475242,718.6322484
150,5/15,0,0,159.2244259,281.9900161,28.00684901,26.29447435,627.0581343,721.4275351
151,5/15,0,0,150.433526,274.3986401,28.47706989,26.13316699,601.4276707,703.4191923
152,5/15,0,0,153.8612981,252.8951305,32.37544872,5.242729195,657.4608462,736.1833826
153,6/1,0,0,155.6284413,281.353648,27.05787186,25.68831967,621.7807818,724.0895774
154,6/1,0.112748644,1.180365762,153.7770339,285.6109035,25.7469349,25.48150971,619.3429005,724.7024702
155,6/1,0,0,160.2460081,284.1252833,25.26741863,25.36101013,634.0871849,726.659912
156,6/1,0,0,160.4882437,285.2311212,26.35728047,25.63881983,631.0257737,729.7929626
157,6/1,0.000341398,0.009305832,160.1867316,282.8173307,27.89995072,26.00070436,630.5878522,727.2965346
158,6/1,0.001365591,0.037223326,160.6953593,281.2661231,28.6140009,26.05042097,626.0806053,723.3488822
159,6/1,0,0,153.0195101,283.037434,27.52906694,27.39252126,584.4552287,707.3954149
160,6/1,0,0,180.9180487,296.9970925,27.6251378,26.80016893,646.1403469,736.9610351
161,6/1,0.00038641,0.009899432,155.5161709,297.1406915,25.02878296,26.98879901,586.3489214,719.3822011
162,6/1,0.001739726,0.042006369,171.0668099,302.4446351,24.7375,28.58749295,621.9716313,726.7084751
163,6/1,0,0,177.467982,309.4729648,24.83234439,28.81972142,622.2442897,730.561268
164,6/1,0,0,179.584478,310.97754,24.77983929,29.01195043,619.702247,726.682064
165,6/1,0,0,182.0821586,295.1411386,26.52418687,27.3701324,680.2447202,745.3545855
166,6/1,0,0,168.4170625,289.2523938,27.44777315,26.48812687,634.9634931,731.193746
167,6/1,0,0,155.641413,234.4252614,35.0332971,5.85679093,661.6079909,735.2325822
168,6/15,0,0,169.3956361,288.1844435,29.11508796,26.66659694,631.6026162,729.6632909
169,6/15,0,0,169.4067699,287.8359506,29.07473611,26.41696022,622.9527773,724.2165766
170,6/15,0,0,175.9045486,288.4014573,28.86174537,26.2579073,624.814262,722.9206802
171,6/15,0,0,178.0814019,286.789967,28.71604167,26.24942443,617.2389852,717.9537605
172,6/15,0,0,165.4996787,276.4080775,28.31174537,26.22965387,588.2100801,685.1566846
173,6/15,0,0,161.2367875,278.541124,27.64877315,26.0327046,572.3679171,703.4502374
174,6/15,0.039648598,0.488593778,160.1197192,277.2936778,27.17536916,26.04265569,553.7041986,687.4514082
175,6/15,0.004233333,0.076785712,175.4035551,280.0647917,28.08408333,26.16160473,611.7407097,704.385894
176,6/15,0.001058333,0.016361436,144.6255431,262.8893542,27.58293056,26.01278105,526.8153833,666.915125
177,6/15,0,0,177.9147685,287.9827247,28.48988426,26.30554022,610.2482708,716.3202763
178,6/15,0,0,168.8505829,277.8049342,29.50155556,26.31613728,595.2904315,696.2297837
179,6/15,0,0,174.7479384,285.0743095,29.63137963,26.435847,611.5250134,714.7810008
180,6/15,0.000345578,0.009362556,178.4349723,290.6683851,29.48982313,26.05812209,611.9489937,722.832481
181,6/15,0,0,190.7159866,283.6086131,32.67105287,16.82697932,616.9356823,716.3351113
182,6/15,0,0,182.1758333,256.1204845,32.31304487,4.692454222,660.7281042,745.8233236
183,7/1,0,0,178.5139579,260.1219557,35.77603047,5.306160281,587.535172,681.4706864
184,7/1,0,0,174.8370036,269.1807123,35.12320789,4.944317093,581.7135493,702.8231953
185,7/1,0,0,197.8583916,284.0444545,34.00040771,5.17915369,655.9843772,738.4716443
186,7/1,0.001706989,0.030837506,194.2408669,285.4295778,32.87422491,4.975817212,630.8475753,725.781264
187,7/1,0.029474014,0.182712147,167.0595323,261.9919178,32.28411738,5.411028814,566.4614055,692.7424484
188,7/1,0,0,188.3134807,275.0966779,33.35168459,5.092151529,625.9214982,723.6409587
189,7/1,0.080342294,0.837789642,170.6893217,261.8165248,32.9240681,5.242371974,570.3398056,695.3057733
190,7/1,0.011721326,0.114333738,176.901405,255.5896196,33.41496864,4.960714464,578.2007254,681.7295098
191,7/1,0.002731183,0.05093125,168.2159099,251.2727208,33.28459229,4.646502424,557.8972115,673.3571044
192,7/1,0.00477957,0.130281642,182.4533978,270.5104459,34.17206093,4.544485794,604.741651,711.4501131
193,7/1,0.001397524,0.03765543,165.232774,246.5138516,34.92557542,4.690992803,564.1767189,669.2787925
194,7/1,0.002398489,0.024565494,174.9986775,255.5973206,36.07008499,4.735073739,590.3883111,691.7401799
195,7/1,0.148064176,0.932486544,172.8255714,259.268173,35.41576149,4.284255401,559.1121408,669.8300175
196,7/1,0.034675287,0.437945252,159.7421772,252.9361045,33.96437739,4.831075295,590.9579181,681.0374029
197,7/1,0,0,174.1243413,249.902614,35.08918269,3.958126719,637.9784615,730.1559272
198,7/15,0.138219246,1.202019099,138.0000511,238.592816,34.1478125,3.910687194,552.4219623,676.3839906
199,7/15,0,0,160.7248214,253.763726,34.69308036,4.318903537,631.0091022,723.7807096
200,7/15,0,0,151.642244,247.2022652,35.68710317,4.735038765,645.2069891,730.7036126
201,7/15,0,0,140.1319876,242.0719392,35.70402282,4.450876133,628.0690179,720.8579057
202,7/15,0.001133929,0.021880219,137.079563,241.9092696,35.58561012,4.422836181,626.0452232,717.2238949
203,7/15,0.004535714,0.098853601,140.6803844,230.7805699,35.41053075,4.048904389,596.4067857,688.6344839
204,7/15,0.082650794,0.643822157,124.9067986,210.6042543,34.7737748,4.30796717,552.9413194,648.5156496
205,7/15,0,0,151.5612178,234.3719492,34.27064484,4.970332308,616.6890228,715.0211287
206,7/15,0.045366071,0.671074997,140.0740422,220.8051747,35.01717262,3.998443998,583.1826711,677.3425571
207,7/15,0,0,156.2642022,248.9643768,34.66922515,4.649523633,631.2787943,725.6991454
208,7/15,0.014597701,0.172685313,141.8917874,246.9411452,34.37976533,4.462449877,596.2327011,691.8149767
209,7/15,0.000729885,0.013596252,141.0400163,244.9234916,34.7752251,4.565790109,600.6766475,717.3517678
210,7/15,0.218805556,1.944819375,126.8590752,228.6094465,34.43459291,4.793198239,578.5606916,684.0660123
211,7/15,0.078216475,0.674453892,134.6093003,243.3575503,32.14933908,4.762434314,508.8334033,628.9143869
212,7/15,0,0,150.320716,241.6342956,33.31780651,3.898520224,522.3352797,632.8915373
213,7/15,0.056987179,0.270669208,142.894984,228.3221236,33.82120192,4.925750691,602.2335897,710.6001054
214,8/1,0.077611111,1.562195689,169.6070263,270.1629903,34.19450192,4.240844594,599.9255522,708.5871451
215,8/1,0.020071839,0.244071806,159.3447816,254.8628082,34.13928161,4.328569703,611.8237591,719.68949
216,8/1,0.019341954,0.192628476,102.8340867,193.1565237,33.52792625,4.266304017,474.1892016,599.1203592
217,8/1,0.010954023,0.279310272,146.7573688,241.7626219,33.07002395,5.13721274,550.7881552,679.3655845
218,8/1,0,0,3.867559155,1020.63845,34.16837089,4.836269031,566.3129061,675.6038528
219,8/1,0.014111111,0.272676913,-119.4452106,1296.72253,33.56214815,4.159438343,527.5264917,674.3625395
220,8/1,0.008466667,0.107596644,-119.8995389,1296.043685,33.25691204,4.303043664,489.0096829,640.3227145
221,8/1,0.137744642,0.949515072,-96.49632285,1294.883128,32.18380757,5.689443962,540.0487601,670.5429624
222,8/1,0,0,-74.76971326,1288.892147,34.08627688,4.817199275,576.0204306,690.8822646
223,8/1,0.001024194,0.027917495,-71.44015457,1290.001005,34.7249328,4.064522614,604.1534005,709.5231863
224,8/1,0.03141129,0.539735193,-86.29622043,1286.022567,24.91899194,257.7133076,555.478224,683.1977655
225,8/1,0.002048387,0.055834989,-84.7880802,1286.423049,33.74100358,4.031273676,534.7205932,681.7757777
226,8/1,0.024580645,0.243726505,-88.24312903,1283.789454,33.2974776,4.40983607,545.6850883,683.8631413
227,8/1,0.001024194,0.020797267,-86.68752509,1285.01595,33.36570341,5.055615286,552.041181,678.1935802
228,8/1,0.001221154,0.017569344,127.8467452,211.0939785,34.68171474,4.501751914,589.4579792,685.7720598
229,8/15,0.041994624,0.627275694,-77.23303136,1287.975166,34.32169803,4.843375999,573.3201214,682.0801686
230,8/15,0.129695341,0.963828358,-88.49684319,1284.87697,33.72982079,4.212192201,552.6462482,673.6491156
231,8/15,0.023556452,0.276335568,-108.5941447,1276.65651,31.58304659,3.979004874,482.3919467,610.0521205
232,8/15,0.000341398,0.009305832,-82.72730376,1286.090236,33.15543011,4.298904888,577.1085766,693.0147448
233,8/15,0.009166318,0.157215924,-150.3225429,1374.219537,33.06388598,4.735697893,520.8308651,664.0047064
234,8/15,0.012178082,0.185254275,-159.8657877,1433.761061,33.07325342,4.401828572,545.9900108,666.1447754
235,8/15,0.016458844,0.271959652,-164.0108768,1452.298057,32.00233508,4.934085544,540.9673695,676.7322858
236,8/15,0.002721429,0.045456819,-177.0717911,1461.030483,31.90720833,5.200047779,529.882081,648.4453988
237,8/15,0.00302381,0.027548216,-167.1003506,1464.703749,32.76847024,5.678721832,561.0905226,679.893156
238,8/15,0.036285714,0.621349445,-163.5079756,1466.775787,33.2581369,5.94757587,562.0370095,683.819569
239,8/15,0.007710714,0.079227128,-162.2699,1467.498127,33.48098214,5.634547795,563.6386911,684.9517093
240,8/15,0,0,-169.3552095,1464.523873,32.85899405,5.078821339,521.8853667,642.3948025
241,8/15,0.006047619,0.055096432,-166.5616101,1464.829843,32.12702976,4.475418568,526.5639958,656.334784
242,8/15,0.135422619,1.090732049,-164.2807268,1465.37891,5.166136905,419.3565677,513.0443083,631.4017707
243,8/15,0.000453571,0.010723871,-160.3790821,1469.003102,30.33828571,5.36624815,549.0016881,674.056738
244,8/15,0,0,131.8648446,242.0242462,29.13177885,5.737092526,576.8075096,692.0393215
245,9/1,0.014216418,0.165049285,-219.2182276,1483.824689,31.48999378,4.217464688,416.5887575,557.0473722
246,9/1,0.000473881,0.01096089,-186.5482537,1495.206677,31.59871891,5.848345184,550.9516381,675.1480023
247,9/1,0.00805597,0.11737612,-184.5112009,1496.08007,32.67415423,4.905303661,565.4930927,686.3052317
248,9/1,0.000473881,0.01096089,-198.228959,1491.535659,32.02041667,5.024944012,522.2946785,652.8890391
249,9/1,0.007108209,0.164413349,-49.31037002,1122.265736,31.69765547,4.730993952,528.0228228,651.4507298
250,9/1,0.006145161,0.085125211,134.6561949,246.4915576,31.25214382,4.601420995,567.3859751,676.9684562
251,9/1,0.000675532,0.013081619,127.6013333,256.8540783,30.39115248,5.345998213,525.5015736,657.7462932
252,9/1,0.041362385,0.326730744,105.4992699,230.9483598,31.25146789,5.570370884,483.4155275,615.7475922
253,9/1,0,0,118.3131586,243.5175485,31.70820896,5.532028579,539.5786592,668.1802917
254,9/1,0.001895522,0.04384356,120.6384509,245.1257824,32.12265547,5.00769034,547.1733464,672.1788477
255,9/1,0,0,120.112829,241.9962335,32.67641169,5.157816389,530.7655728,661.9288613
256,9/1,0,0,121.7034439,239.0259788,32.09041929,4.470595619,515.5100094,644.4455676
257,9/1,0,0,121.4667256,238.1156694,31.71318966,5.221218725,533.3779947,662.3029003
258,9/1,0,0,117.2932455,237.6978384,32.38150221,5.106728771,526.3068463,662.7286814
259,9/1,0.138397436,0.760556558,108.6859712,231.085174,33.58892628,5.663678866,533.8794455,659.3605115
260,9/15,0,0,117.4163373,237.5331402,31.8675744,4.950638729,528.2637832,656.8570727
261,9/15,0,0,112.2854107,234.1491891,30.76123016,5.09304292,520.2317326,644.3268445
262,9/15,0.021544643,0.240839061,110.1166662,231.0542409,30.03237103,5.452536565,520.2148542,652.958253
263,9/15,0.015497024,0.187066905,96.60363194,354.7814443,19.79265377,271.0163272,499.2180357,637.0430396
264,9/15,0.001145291,0.017017406,113.5621468,233.7861222,30.16519539,6.093627237,519.8063878,646.1777939
265,9/15,0.000755952,0.0138362,106.1851002,227.4910439,30.39729663,6.165233125,499.5145972,635.3642442
266,9/15,0.003401786,0.040255795,103.8278596,222.3905546,30.12815476,6.455107986,494.2951042,630.467542
267,9/15,0.006803571,0.047516884,99.88385714,226.7135742,29.61389881,5.707829173,473.1583854,617.1884018
268,9/15,0.000755952,0.019581939,104.5469102,231.4266601,29.4716369,5.868395807,497.2454067,632.0291798
269,9/15,0,0,105.9082867,232.8392468,29.72152778,6.06379539,498.3843294,631.1595165
270,9/15,0,0,103.6130248,227.3174974,30.32543155,5.369928367,477.6470308,615.9262219
271,9/15,0,0,99.6849256,222.7181109,29.83309028,5.502242826,467.0236076,608.8938266
272,9/15,0,0,106.2573919,232.7921535,29.88995536,5.819295733,454.0213254,587.7257194
273,9/15,0.001511905,0.023953076,97.58516468,228.5914551,29.13489583,5.692299091,425.6558189,567.3363227
274,10/1,0,0,87.95378089,212.6992962,26.90181034,3.973916703,338.5872608,501.8086304
275,10/1,0,0,73.44498065,176.7746476,26.58755456,5.742786333,349.3284836,476.5581293
276,10/1,0,0,94.17032192,213.9145141,25.94155754,6.663203346,416.8619573,557.7522699
277,10/1,0,0,95.83513323,217.8599284,25.72362715,6.335991114,439.5793815,579.7458813
278,10/1,0.023518519,0.103588329,94.3592356,217.3367952,25.62643519,5.309721265,420.0476204,568.9221396
279,10/1,0.008754115,0.065352079,87.54316975,215.8772433,25.79062243,5.46974957,411.6988868,580.720301
280,10/1,0,0,79.82404733,194.199256,25.77231481,4.891127286,385.4466271,543.3597332
281,10/1,0,0,94.83073251,210.590143,25.46116255,5.402230334,436.8577016,570.4641051
282,10/1,0.000783951,0.019940721,82.18811677,196.4185624,25.20760802,4.684777993,385.4417778,519.1753226
283,10/1,0.016070988,0.107346144,88.63268416,203.9876219,24.16016461,5.049026357,420.0659913,567.9572428
284,10/1,0.107432024,0.702802355,91.58373162,210.3539095,23.40318731,5.36156387,651.5245952,1172.462217
285,10/1,0.030238095,0.238095,76.45524058,193.542002,22.99369048,4.916790179,850.7926582,1732.432355
286,10/1,0,0,94.78672966,215.0249212,22.9453373,6.302720272,638.9172743,1411.894666
287,10/1,0,0,88.7792123,212.5813541,23.46184524,6.176200149,814.852379,1455.034888
288,10/1,0,0,83.13992262,201.1018984,23.8284127,5.897740139,371.2750298,607.5439794
289,10/1,0,0,75.33445513,192.8296339,21.57057692,5.741698801,435.9068301,576.3474027
290,10/15,0.014363095,0.240377405,87.46088988,204.2326519,23.70696429,5.491668041,527.4770813,899.2468842
291,10/15,0.003779762,0.047852443,88.51043502,208.9894182,22.96422123,5.828795096,518.2404846,803.4126803
292,10/15,0,0,83.65788591,204.5338836,23.63006944,5.658796609,519.1637326,890.839793
293,10/15,0,0,61.86243552,174.2834226,23.18575893,5.023249263,478.3343239,992.2493048
294,10/15,0,0,85.77373016,204.2848043,23.25949901,5.603459532,937.9101925,1740.305371
295,10/15,0.119440476,0.639725121,70.7602376,183.3799021,22.2925248,4.801773051,1141.296641,2206.428622
296,10/15,0.13664881,0.846820041,74.98250397,187.2039836,20.4552381,5.202824624,380.3624762,714.1165532
297,10/15,0.02015873,0.09916784,76.31813988,188.6712506,19.99698909,5.41785401,554.7650685,916.9628258
298,10/15,0.002519841,0.025173202,83.6333626,193.4757881,20.54074901,5.546636608,1170.211693,1518.031035
299,10/15,0.092125992,0.719584984,63.13347222,170.8884788,20.29227183,6.277396297,1056.386305,1472.852199
300,10/15,0.00302381,0.078327757,74.41628373,180.6032584,20.98470238,6.53521416,1106.334396,1682.520227
301,10/15,0.131031746,0.581973148,65.32708581,179.6021898,19.66260417,5.469828999,1261.225288,1975.528737
302,10/15,0.061106151,0.308726706,77.27878621,189.681908,18.89273313,5.735070596,1106.073076,1578.244243
303,10/15,0.000755952,0.0138362,78.56253075,190.6247943,19.42677083,5.525003119,1282.255189,1780.354424
304,10/15,0.042837302,0.199418016,78.35050595,185.4331064,19.34457639,5.427923396,1216.479624,1672.021654
305,10/15,0.008141026,0.044738621,88.56448718,183.2022188,13.7880609,3.394650995,361.2500673,493.7742168
306,11/1,0,0,72.56592758,187.0934481,18.30730159,5.735065133,1202.345905,1596.058607
307,11/1,0,0,56.16987798,153.6398568,19.06318651,6.399099246,1151.038844,1563.460324
308,11/1,0,0,65.30196429,177.6796433,19.25552232,7.008640138,1148.837908,1650.35398
309,11/1,0.066397817,0.43501188,62.12245883,173.9280367,17.7225744,5.403192898,1106.440536,1609.191526
310,11/1,0.006047619,0.07437588,72.28617411,179.6075014,18.31637897,6.548682858,998.1320332,1460.655866
311,11/1,0.083154762,0.598788731,56.66499008,164.0071643,18.17545734,6.06570595,1077.372713,1567.883925
312,11/1,0.008693452,0.082102658,52.36245387,148.4808947,17.73424157,6.096196688,1078.042023,1447.642371
313,11/1,0.002267857,0.027620725,62.91856349,162.446897,18.78732143,6.615778401,1115.497321,1489.127333
314,11/1,0.000377976,0.00979097,70.26801438,182.7739403,18.74892361,6.221921727,1157.538845,1584.400814
315,11/1,0.002519841,0.025173202,64.39245635,178.5576816,17.32352679,5.537041949,1122.669892,1595.898966
316,11/1,0.05064881,0.301251529,67.67282242,183.192589,17.22160665,5.62365106,1140.441033,1578.696919
317,11/1,0.000377976,0.00979097,64.85678373,180.6116827,16.59823413,5.165152948,1138.87754,1576.54448
318,11/1,0,0,64.08019444,181.8184138,14.47894296,5.685765104,1160.59029,1571.156551
319,11/1,0,0,62.82193601,186.5184116,15.75986607,5.492263639,1350.671613,2003.351847
320,11/1,0.012211538,0.116183018,33.04226763,138.1345775,11.22491987,4.143012393,278.6344135,428.7874461
321,11/15,0,0,59.58354861,175.0005926,15.07535119,6.527619178,1215.183587,1689.022203
322,11/15,0,0,55.44306399,174.5988698,15.2971126,6.225287433,899.8352594,1538.05325
323,11/15,0,0,59.17408036,179.0660534,15.54841518,6.68667073,322.2727679,456.1151955
324,11/15,0,0,60.51971726,183.1205593,17.27728175,6.77774255,321.9003909,457.1092774
325,11/15,0,0,55.3470873,175.274939,17.21620784,6.489270353,299.662379,430.9159846
326,11/15,0.000377976,0.00979097,46.62623512,156.3597671,17.22990079,4.553860116,249.0630977,378.7825599
327,11/15,0.015875,0.164941465,47.64331597,160.0409363,15.91947669,4.487984632,282.1952361,418.7830637
328,11/15,0.000377976,0.00979097,47.74394048,159.707901,13.18782639,4.93092971,285.5065456,413.2959305
329,11/15,0.000755952,0.0138362,24.89190675,114.7286388,12.86152331,3.570228959,197.7957545,306.6347931
330,11/15,0,0,46.07156101,149.9267833,12.63862798,5.280473594,277.5860605,405.273961
331,11/15,0,0,51.86549206,175.2395765,12.57271726,5.722190439,301.1671126,438.6768101
332,11/15,0,0,33.6216627,139.6469927,13.21200992,4.784157172,260.8278626,394.926578
333,11/15,0.068217262,0.327306484,41.45482986,133.9407715,13.16863641,4.726048586,224.9642123,356.2496607
334,11/15,0.005291667,0.094850186,47.23416915,141.2281506,13.43974256,4.911845409,254.7770144,371.599894
335,11/15,0,0,37.69830128,139.56081,12.76749679,6.55055879,277.0025481,402.2218628
336,12/1,0,0,31.96760417,121.7758844,12.70253968,5.253309462,227.5586126,355.6243871
337,12/1,0,0,52.71155308,150.6252334,13.51258185,5.120902891,271.15037,399.3661223
338,12/1,0.149426587,0.530986403,40.1360377,144.3780982,12.37042312,4.650000382,218.4722907,372.4174276
339,12/1,0.013607143,0.111748071,53.83795982,167.6159379,12.23140625,5.82370885,279.8469375,422.2057701
340,12/1,0.010848519,0.114974107,41.56655011,141.7986906,12.76984795,5.742435552,260.0485672,398.6460471
341,12/1,0.014882813,0.168096007,37.67008268,128.6847995,12.6434694,5.350597948,242.3111517,365.9574599
342,12/1,0.000496094,0.011214353,40.91621159,138.383587,13.91917708,4.067470573,259.7076439,383.7803738
343,12/1,0,0,43.21455273,147.1900144,13.42525195,4.657212016,280.6726999,410.6997444
344,12/1,0.000992188,0.015843964,38.42033268,138.9218349,11.41640755,4.129067688,241.9444974,374.6450517
345,12/1,0.072429688,0.319813394,13.75415625,82.7903118,10.01459635,4.139612891,124.7709271,225.1554108
346,12/1,0.005291667,0.045520638,44.14244466,128.422807,9.821103516,4.949363625,238.4799557,364.6655535
347,12/1,0.000496094,0.011214353,43.3846888,139.4731308,9.115145182,5.257157381,243.5762617,359.8697137
348,12/1,0.006945313,0.072416095,46.25974414,143.1197044,8.787818359,5.25839438,259.3859056,382.0909382
349,12/1,0.000496094,0.011214353,43.10745703,133.7268373,9.857115234,4.413211373,238.2152298,359.3510318
350,12/1,0,0,37.99114904,131.0553425,10.59362179,4.68544611,262.5351875,388.2292244
351,12/15,0.002480469,0.037147452,41.14588477,145.8698592,10.11896289,5.768271754,274.1905299,401.2382634
352,12/15,0,0,39.68227604,145.5945957,10.57351302,5.761183321,273.386957,401.6950451
353,12/15,0,0,40.43953451,154.2934496,11.81117122,6.32711256,282.7066081,412.7159173
354,12/15,0.000496094,0.011214353,34.89067708,139.6898193,13.46567057,5.524630563,250.8088118,367.5518167
355,12/15,0,0,39.91799219,140.4342181,10.9857832,4.787653462,268.647791,399.3230222
356,12/15,0.000992188,0.015843964,37.85300065,133.5065407,10.04269206,5.436161541,265.7655612,398.2644138
357,12/15,0.009425781,0.07960875,28.89158398,117.4634517,10.37772005,5.057837391,218.9617409,335.4499171
358,12/15,0.012402344,0.117613983,43.1143724,146.4277911,10.57930534,5.877322188,279.6581836,411.1243857
359,12/15,0,0,36.71363411,141.4216509,10.78236458,5.358868348,268.0353145,397.6502783
360,12/15,0.006945313,0.10861168,42.69719922,148.3720281,9.810757161,5.904619668,285.5486725,416.0241775
361,12/15,0,0,41.38930534,143.8719685,10.02119141,5.178213121,276.983373,408.4976267
362,12/15,0,0,31.35004232,122.209911,9.913508464,4.885427434,224.4681152,346.619207
363,12/15,0.005953125,0.093728903,36.67344987,117.9713445,11.48686849,5.070352437,209.4546263,340.1747979
364,12/15,0.034726563,0.289349843,42.19100065,127.5576589,12.78960091,4.842202925,255.3322943,387.4597863
365,12/15,0.008433594,0.111371666,36.39231706,120.2490228,12.02249089,4.128863098,220.5407988,338.468471
366,12/15,0.001221154,0.017569344,32.07149038,120.8757463,11.23273878,5.330019549,252.8280962,394.3369023
